0,Western Governors University,4001 South 700 East,UT
1,International Peace Gardens,1060 Dalton Ave S,UT
2,Sugar House Park,1330 2100 S,UT
3,Taylorsville-Bennion Heritage City Gov Off,1488 4800 S,UT
4,Salt Lake City Division of Health Services,177 W Price Ave,UT
5,South Salt Lake Public Works,195 W Oakland Ave,UT
6,Salt Lake City Streets and Sanitation,2010 W 500 S,UT
7,Deker Lake,2300 Parkway Blvd,UT
8,Salt Lake City Ottinger Hall,233 Canyon Rd,UT
9,Columbus Library,2530 S 500 E,UT
10,Taylorsville City Hall,2600 Taylorsville Blvd,UT
11,South Salt Lake Police,2835 Main St,UT
12,Council Hall,300 State St,UT
13,Redwood Park,3060 Lester St,UT
14,Salt Lake County Mental Health,3148 S 1100 W,UT
15,Salt Lake County United Police Dept,3365 S 900 W,UT
16,West Valley Prosecutor,3575 W Valley Central Station bus Loop,UT
17,Housing Auth. of Salt Lake County,3595 Main St,UT
18,Utah DMV Administrative Office,380 W 2880 S,UT
19,Third District Juvenile Court,410 S State St,UT
20,Cottonwood Regional Softball Complex,4300 S 1300 E,UT
21,Holiday City Office,4580 S 2300 E,UT
22,Murray City Museum,5025 State St,UT
23,Valley Regional Softball Complex,5100 South 2700 West,UT
24,City Center of Rock Springs,5383 South 900 East #104,UT
25,Rice Terrace Pavilion Park,600 E 900 South,UT
26,Wheeler Historic Farm,6351 South 900 East,UT